N.º,Afirmación,Respuesta,Justificación,Tema
1,La principal aportación de Ernest Rutherford fue el descubrimiento de la existencia de los electrones.,Falso,El descubrimiento del electrón se atribuye a J.J. Thomson. Rutherford descubrió el núcleo atómico.,Modelos Atómicos
2,"Según el modelo de Niels Bohr, los electrones solo pueden existir en órbitas con una energía fija y cuantificada.",Verdadero,Este principio de la cuantificación de la energía es la base del modelo de Bohr.,Modelos Atómicos
3,"El modelo atómico de John Dalton consideraba que el átomo era una esfera maciza, indivisible e indestructible.",Verdadero,El modelo de Dalton (1808) fue el primero con base científica y no contemplaba la existencia de partículas subatómicas.,Modelos Atómicos
4,El modelo de Thomson (pudin de pasas) proponía que la carga positiva del átomo se concentra en un pequeño volumen central.,Falso,Esa es la conclusión de Rutherford. El modelo de Thomson proponía una esfera grande de carga positiva donde los electrones estaban incrustados.,Modelos Atómicos
5,Dos isótopos de un mismo elemento químico poseen el mismo número de protones y diferente número de neutrones.,Verdadero,"Los isótopos tienen el mismo número atómico (Z, protones) pero diferente número másico (A) debido a un distinto número de neutrones.",Isótopos y Partículas
6,El número másico (A) de un átomo se obtiene sumando el número de protones y el número de electrones.,Falso,El número másico (A) es la suma de protones y neutrones (partículas en el núcleo).,Isótopos y Partículas
7,Un átomo neutro del elemento Cl-37 (Z=17) tiene un total de 20 neutrones en su núcleo.,Verdadero,El número de neutrones se calcula como la resta del número másico (A) menos el número atómico (Z): 37 - 17 = 20 neutrones.,Isótopos y Partículas
8,Un anión con carga -2 se forma cuando un átomo neutro pierde dos electrones.,Falso,Un anión se forma al ganar electrones. La pérdida de electrones daría lugar a un catión.,Isótopos y Partículas
9,El Principio de Exclusión de Pauli establece que un orbital puede ser ocupado por un máximo de dos electrones con espines opuestos.,Verdadero,No pueden existir dos electrones con los cuatro números cuánticos idénticos.,Configuraciones Electrónicas
10,La Regla de Hund (máxima multiplicidad) establece que los electrones se aparean en orbitales degenerados antes de ocupar todos los orbitales por separado.,Falso,La Regla de Hund establece que los electrones ocupan primero todos los orbitales degenerados con espines paralelos antes de comenzar a aparearse.,Configuraciones Electrónicas
11,"La configuración electrónica abreviada para el Calcio (Ca, Z=20) es [Ar]4s².",Verdadero,"La configuración completa es 1s²2s²2p⁶3s²3p⁶4s², y [Ar] representa la configuración de los primeros 18 electrones.",Configuraciones Electrónicas
12,El Principio de Construcción (Aufbau) dicta que los electrones llenan los orbitales siguiendo el orden de mayor a menor energía.,Falso,El principio de Aufbau dicta el llenado de los orbitales siguiendo el orden de menor a mayor energía.,Configuraciones Electrónicas
13,El número cuántico principal (n) solo define el tamaño de la órbita del electrón.,Falso,"Además del tamaño, el número cuántico principal (n) también está directamente relacionado con la energía del electrón.",Números Cuánticos
14,"Para el nivel energético n=4, los valores posibles del número cuántico secundario (azimutal) (l) son 0, 1, 2 y 3.",Verdadero,"Los valores de l van desde 0 hasta n-1. Para n=4, l puede ser 0 (s), 1 (p), 2 (d) y 3 (f).",Números Cuánticos
15,El número cuántico magnético (ml) determina la forma del orbital.,Falso,La forma del orbital está determinada por el número cuántico secundario (l). ml determina la orientación espacial del orbital.,Números Cuánticos
16,"Un electrón con el conjunto de números cuánticos (2, 2, -1, +1/2) es teóricamente posible en un átomo.",Falso,"Para n=2, el valor máximo permitido para l es n-1, es decir, l=1. Un valor de l=2 es imposible para n=2.",Números Cuánticos
17,La Energía de Ionización tiende a disminuir al movernos de izquierda a derecha en un mismo periodo.,Falso,La Energía de Ionización tiende a aumentar a lo largo de un periodo.,Propiedades Periódicas
18,Los elementos de un mismo grupo (columna) de la Tabla Periódica tienen el mismo número de capas electrónicas.,Falso,Los elementos de un mismo periodo (fila) tienen el mismo número de capas. Los de un grupo tienen el mismo número de electrones de valencia.,Propiedades Periódicas
19,El Radio Atómico generalmente aumenta al descender en un grupo de la Tabla Periódica.,Verdadero,"Al descender en un grupo, se añade una nueva capa electrónica, lo que incrementa el radio.",Propiedades Periódicas
20,El elemento con mayor Electronegatividad en la Tabla Periódica es el Cesio (Cs).,Falso,El elemento con mayor electronegatividad es el Flúor (F). El Cesio es el menos electronegativo.,Propiedades Periódicas
21,"El postulado de De Broglie establece la dualidad onda-partícula del electrón, asignándole propiedades ondulatorias además de su naturaleza de partícula.",Verdadero,"Este concepto, junto con el Principio de Incertidumbre de Heisenberg, sentó las bases de la Mecánica Cuántica.",Modelos Atómicos
22,El modelo de Rutherford fue el primero en introducir las órbitas circulares y cuantificadas para los electrones.,Falso,El modelo de Niels Bohr fue el que introdujo las órbitas cuantificadas para explicar la estabilidad del átomo y los espectros.,Modelos Atómicos
23,"Según el Principio de Incertidumbre de Heisenberg, es posible determinar con precisión absoluta la posición de un electrón si se conoce su momento lineal.",Falso,El principio establece que es imposible conocer ambos valores simultáneamente con precisión absoluta.,Modelos Atómicos
24,La conclusión principal del experimento de la lámina de oro de Rutherford fue que la mayoría del volumen del átomo está ocupado por el núcleo.,Falso,"La mayoría de las partículas alfa atravesaron la lámina sin desviarse, demostrando que el átomo está compuesto mayoritariamente por espacio vacío.",Modelos Atómicos
25,La masa atómica relativa de un elemento es el promedio ponderado de las masas de sus isótopos naturales.,Verdadero,Esta masa no es un número entero ya que considera la abundancia de cada isótopo.,Isótopos y Partículas
26,Un catión con carga +3 se forma porque el átomo ha ganado tres protones extra en su núcleo.,Falso,Los protones permanecen inalterados. Un catión +3 se forma cuando el átomo pierde tres electrones.,Isótopos y Partículas
27,El número atómico (Z) es el único responsable de determinar el número de electrones que posee un átomo.,Falso,"Z determina el número de protones. En un ion, el número de electrones es diferente de Z.",Isótopos y Partículas
28,El ion S²⁻ (Z=16) y el átomo Ar (Z=18) son isoelectrónicos.,Verdadero,"El ion S²⁻ tiene 16 + 2 = 18 electrones, el mismo número de electrones que el Argón (Z=18).",Isótopos y Partículas
29,Un subnivel energético f tiene la capacidad máxima de alojar 14 electrones.,Verdadero,"El subnivel f consta de 7 orbitales, y cada orbital aloja un máximo de 2 electrones (7 x 2 = 14).",Configuraciones Electrónicas
30,"En la configuración electrónica, el orbital 3d siempre se llena antes que el orbital 4s.",Falso,El orbital 4s se llena antes que el 3d ya que tiene menor energía (regla de Madelung).,Configuraciones Electrónicas
31,"Un átomo logra una estabilidad adicional si tiene subniveles d o f semillenos (por ejemplo, d⁵ o f⁷).",Verdadero,Las configuraciones semillenas y completamente llenas poseen una estabilidad energética superior.,Configuraciones Electrónicas
32,Todos los orbitales p tienen una forma geométrica esférica.,Falso,Solo los orbitales s son esféricos. Los orbitales p tienen una forma bilobulada.,Configuraciones Electrónicas
33,"Para un valor del número cuántico principal n=3, los valores posibles del número cuántico secundario (l) son 1 y 2.",Falso,"Para n=3, l puede ser 0, 1 y 2.",Números Cuánticos
34,El número cuántico magnético (ml) determina el espín del electrón.,Falso,El espín del electrón es determinado por el número cuántico de espín (ms). ml determina la orientación espacial del orbital.,Números Cuánticos
35,"El conjunto de números cuánticos (3, 1, 0, -1/2) es un conjunto válido y describe a un electrón en un orbital p del tercer nivel de energía.",Verdadero,"n=3, l=1 (orbital p) y ml=0 son valores permitidos.",Números Cuánticos
36,El número de orientaciones espaciales posibles para un subnivel d (l=2) es 5.,Verdadero,"El número de orbitales (orientaciones) es 2l+1. Para l=2, es 2(2)+1 = 5.",Números Cuánticos
37,El carácter metálico de los elementos aumenta al moverse de arriba hacia abajo en un grupo.,Verdadero,"Al descender, la electronegatividad y la energía de ionización disminuyen, y la tendencia a perder electrones (carácter metálico) aumenta.",Propiedades Periódicas
38,El elemento con la mayor Energía de Ionización (excluyendo gases nobles) es el Cesio (Cs).,Falso,El elemento más difícil de ionizar es el Flúor (F). El Cesio es el más fácil.,Propiedades Periódicas
39,Los elementos clasificados como metales de transición se encuentran en el bloque p de la Tabla Periódica.,Falso,Los metales de transición se encuentran en el bloque d. El bloque p contiene no metales y semimetales.,Propiedades Periódicas
40,El radio de un anión es siempre mayor que el radio del átomo neutro del que proviene.,Verdadero,"Al ganar electrones, aumenta la repulsión interelectrónica, lo que provoca que la nube electrónica se expanda.",Propiedades Periódicas
41,El modelo atómico de Dalton explicaba satisfactoriamente el espectro de emisión del átomo de hidrógeno.,Falso,Fue el modelo de Bohr el que introdujo la explicación de los espectros. El modelo de Dalton era muy simple.,Modelos Atómicos
42,El modelo de Thomson fue rechazado porque no lograba explicar por qué las partículas alfa eran desviadas al pasar cerca del núcleo.,Verdadero,El experimento de Rutherford demostró que el modelo de Thomson no podía explicar la desviación de las partículas alfa.,Modelos Atómicos
43,"En el modelo de Bohr, la energía de un electrón es inversamente proporcional al número cuántico principal n.",Falso,"La energía es directamente proporcional a n. A mayor n, mayor es la energía del electrón.",Modelos Atómicos
44,La Mecánica Cuántica describe el movimiento de los electrones mediante la trayectoria exacta que siguen alrededor del núcleo.,Falso,"La Mecánica Cuántica es probabilística, describe zonas de probabilidad (orbitales).",Modelos Atómicos
45,"Según el concepto de orbital atómico, la probabilidad de encontrar el electrón fuera de esta región es nula.",Falso,"Un orbital se define como la región donde la probabilidad de encontrar al electrón es superior al 90-95%, pero la probabilidad nunca es completamente nula.",Modelos Atómicos
46,La ecuación de Schrödinger describe el comportamiento del electrón como una onda estacionaria en el átomo.,Verdadero,La solución de la ecuación describe el comportamiento ondulatorio del electrón.,Modelos Atómicos
47,"En el modelo planetario de Rutherford, los electrones deberían emitir energía continuamente y colapsar sobre el núcleo.",Verdadero,Esta inestabilidad teórica fue una de las razones por las que su modelo tuvo que ser modificado por Bohr.,Modelos Atómicos
48,El modelo de Bohr introdujo por primera vez la idea de que la energía de los electrones está cuantizada.,Verdadero,Este fue su aporte fundamental para resolver la inestabilidad del modelo de Rutherford.,Modelos Atómicos
49,Todos los nucleidos (tipos de núcleos) con el mismo número atómico (Z) son isótopos del mismo elemento químico.,Verdadero,La identidad del elemento está definida únicamente por el número de protones (Z).,Isótopos y Partículas
50,Un átomo de Potasio (Z=19) con 20 neutrones tiene un número másico (A) de 39.,Verdadero,El número másico es A = protones + neutrones = 19 + 20 = 39.,Isótopos y Partículas
51,El número de protones y el número de neutrones siempre son idénticos en cualquier átomo neutro.,Falso,"El número de protones solo es idéntico al número de electrones en un átomo neutro, no al de neutrones.",Isótopos y Partículas
52,Un catión divalente (X²⁺) de un elemento con Z=12 tiene un total de 14 electrones.,Falso,El catión X²⁺ ha perdido 2 electrones: 12 - 2 = 10 electrones.,Isótopos y Partículas
53,Los isótonos son átomos de diferentes elementos que tienen el mismo número de electrones.,Falso,Los isótonos son átomos con el mismo número de neutrones. Los que tienen el mismo número de electrones se llaman isoelectrónicos.,Isótopos y Partículas
54,"La carga nuclear efectiva (Zₑբ) es la fuerza real de atracción que siente el electrón de valencia, considerando el apantallamiento de los electrones internos.",Verdadero,"Zₑբ es la carga neta positiva que ""ve"" el electrón más externo.",Isótopos y Partículas
55,Los átomos C-14 y N-14 son isóbaros.,Verdadero,Los isóbaros son nucleidos con el mismo número másico (A=14) pero diferente número atómico (Z).,Isótopos y Partículas
56,La masa de un protón es aproximadamente 1836 veces mayor que la masa de un electrón.,Verdadero,Esta es una relación de masas estándar. La masa de nucleones es mucho mayor que la del electrón.,Isótopos y Partículas
57,El Principio de Pauli impide que dos electrones en el mismo orbital tengan el mismo número cuántico de espín (ms).,Verdadero,"Si estuvieran en el mismo orbital, tendrían los mismos n, l, ml. Para diferenciarse, deben tener espines opuestos.",Configuraciones Electrónicas
58,"La configuración electrónica del Cobre (Cu, Z=29) en estado fundamental es [Ar]4s²3d⁹.",Falso,El Cobre presenta una excepción por estabilidad: la configuración es [Ar]4s¹3d¹⁰.,Configuraciones Electrónicas
59,"En un átomo, un electrón con n=3 y l=2 está ocupando un orbital tipo p.",Falso,l=2 corresponde a un orbital tipo d.,Configuraciones Electrónicas
60,La Regla de Hund se aplica únicamente para el llenado de orbitales que tienen la misma energía (orbitales degenerados).,Verdadero,"Solo en orbitales como 2p o 3d, la regla indica que se debe maximizar el espín antes de aparear.",Configuraciones Electrónicas
61,El número máximo de electrones que puede albergar cualquier subnivel es siempre 2.,Falso,"2 es el número máximo de electrones por orbital. El número máximo por subnivel puede ser 6 (p), 10 (d), 14 (f), etc.",Configuraciones Electrónicas
62,La distribución electrónica 1s²2s²2p⁶3s¹ corresponde a un átomo neutro en estado fundamental.,Verdadero,"Corresponde al Sodio (Na, Z=11) y es su configuración de mínima energía.",Configuraciones Electrónicas
63,Los electrones de la capa de valencia son los que determinan las propiedades químicas del elemento.,Verdadero,Estos electrones son los más externos y los que participan en la formación de enlaces químicos.,Configuraciones Electrónicas
64,Un orbital dx²⁻y² es energéticamente idéntico a un orbital dxy en un átomo aislado.,Verdadero,"Son orbitales degenerados (tienen la misma energía), aunque difieren en su orientación espacial.",Configuraciones Electrónicas
65,El número cuántico secundario (l) determina la energía de un orbital en el átomo de hidrógeno.,Falso,"En el átomo de hidrógeno, la energía del orbital depende solo del número cuántico principal (n).",Números Cuánticos
66,"Para un orbital p (l=1), los valores posibles de ml son -1, 0, 1.",Verdadero,"Los valores de ml van desde -l hasta +l. Para l=1, los valores son -1, 0, +1.",Números Cuánticos
67,"Un conjunto de números cuánticos (4, 3, -4, +1/2) es un conjunto válido.",Falso,"Si l=3, ml solo puede tomar valores desde -3 hasta +3. El valor de ml=-4 no es permitido.",Números Cuánticos
68,"El número cuántico principal n puede tomar cualquier valor entero positivo: 1, 2, 3, ...",Verdadero,n es un entero positivo que describe el nivel o capa principal de energía.,Números Cuánticos
69,El número de orbitales en el nivel n=2 es de 4.,Verdadero,"n=2 tiene subniveles 2s (1 orbital) y 2p (3 orbitales), para un total de 1+3=4 orbitales.",Números Cuánticos
70,"Si el número cuántico principal es n=1, solo puede existir el número cuántico secundario l=1.",Falso,"Para n=1, el único valor permitido para l es l=0 (orbital s).",Números Cuánticos
71,El número cuántico de espín (ms) está relacionado con el tamaño y la forma del orbital.,Falso,ms está relacionado únicamente con el momento angular intrínseco del electrón. El tamaño y la forma los definen n y l.,Números Cuánticos
72,Todos los orbitales con el mismo valor de n y l son degenerados (tienen la misma energía).,Verdadero,"Esta es la definición de orbitales degenerados (por ejemplo, los tres orbitales 2p).",Números Cuánticos
73,El Radio Iónico de un anión es siempre mayor que el radio del átomo neutro correspondiente.,Verdadero,"La ganancia de electrones aumenta la repulsión interelectrónica, expandiendo la nube de electrones.",Propiedades Periódicas
74,Los elementos del Grupo 1 (alcalinos) tienen la primera energía de ionización más alta de su periodo.,Falso,Los alcalinos tienen la primera energía de ionización más baja de su periodo.,Propiedades Periódicas
75,La Electronegatividad es la tendencia de un átomo a atraer electrones hacia sí cuando está unido químicamente a otro átomo.,Verdadero,Es una propiedad que mide la capacidad de atracción de electrones en un enlace.,Propiedades Periódicas
76,"El Radio Atómico se ve afectado por la carga nuclear efectiva (Zₑբ). A mayor Zₑբ, mayor es el radio.",Falso,"Una mayor Zₑբ atrae a los electrones con más fuerza, lo que provoca una disminución del radio atómico.",Propiedades Periódicas
77,Los elementos del bloque f (lantánidos y actínidos) se conocen como metales de transición internos.,Verdadero,Estos elementos se caracterizan por el llenado de los orbitales f.,Propiedades Periódicas
78,La Afinidad Electrónica de los gases nobles es generalmente muy alta (muy negativa).,Falso,"Los gases nobles tienen subniveles completos y no tienen tendencia a ganar electrones, por lo que su Afinidad Electrónica es cercana a cero o positiva.",Propiedades Periódicas
79,Los elementos del mismo periodo están caracterizados por tener el mismo número de electrones de valencia.,Falso,Los elementos del mismo grupo tienen el mismo número de electrones de valencia. Los del mismo periodo tienen el mismo número de capas de energía.,Propiedades Periódicas
80,El carácter no metálico y la Energía de Ionización siguen la misma tendencia general en la Tabla Periódica.,Verdadero,"Ambos aumentan hacia la derecha y hacia arriba, reflejando una mayor tendencia a ganar o retener electrones.",Propiedades Periódicas
81,La cuantización de la energía en el modelo de Bohr implica que un electrón puede tener cualquier valor de energía entre dos niveles permitidos.,Falso,"Cuantización significa que el electrón solo puede ocupar valores de energía discretos y fijos, no continuos.",Modelos Atómicos
82,El efecto fotoeléctrico es un fenómeno que puede explicarse correctamente asumiendo que la luz se comporta únicamente como una onda.,Falso,Este efecto solo se explica al considerar que la luz tiene un comportamiento de partícula (fotones).,Modelos Atómicos
83,Max Planck postuló que la energía de la radiación se emite o absorbe en paquetes discretos llamados cuantos.,Verdadero,Este fue el postulado fundamental que inició la Teoría Cuántica.,Modelos Atómicos
84,El radio del núcleo atómico es comparable en tamaño al radio de todo el átomo.,Falso,"El radio nuclear es minúsculo, unas 100.000 veces menor que el radio atómico.",Modelos Atómicos
85,El concepto de orbital atómico tiene su origen en las trayectorias circulares definidas por el modelo de Bohr.,Falso,"El orbital surge de la Mecánica Cuántica (Ecuación de Schrödinger), reemplazando el concepto clásico de órbita.",Modelos Atómicos
86,"La función de onda $\psi$ del electrón en el átomo carece de significado físico directo, pero su cuadrado, $\psi^2$, está relacionado con la probabilidad de encontrar el electrón.",Verdadero,$|\psi|^2$ representa la densidad de probabilidad electrónica.,Modelos Atómicos
87,El experimento de la difracción de electrones confirmó la hipótesis de De Broglie sobre la naturaleza ondulatoria de las partículas.,Verdadero,El patrón de difracción es una prueba irrefutable del carácter ondulatorio del electrón.,Modelos Atómicos
88,El modelo atómico actual (cuántico-ondulatorio) es un modelo perfectamente determinista que predice la ubicación exacta del electrón.,Falso,El modelo actual es probabilístico debido al Principio de Incertidumbre de Heisenberg.,Modelos Atómicos
89,La masa atómica relativa del Boro (B) es 10.81 u.m.a.. Esto indica que el isótopo más abundante es el Boro-11 (¹¹B).,Verdadero,"El valor de 10.81 está más cerca de la masa del Boro-11 que de la del Boro-10, por lo que ¹¹B debe ser el isótopo dominante.",Isótopos y Partículas
90,Los neutrones son las partículas responsables de mantener la estabilidad del núcleo atómico.,Verdadero,Los neutrones proporcionan la fuerza nuclear fuerte necesaria para contrarrestar la repulsión electrostática entre los protones.,Isótopos y Partículas
91,Un átomo neutro con Z=15 y A=31 tiene un total de 16 electrones.,Falso,"En un átomo neutro, el número de electrones es igual al número de protones (Z), por lo tanto, tiene 15 electrones.",Isótopos y Partículas
92,El ion Al³⁺ (Z=13) y el ion O²⁻ (Z=8) son isoelectrónicos.,Verdadero,Al³⁺ tiene 13 - 3 = 10 electrones. O²⁻ tiene 8 + 2 = 10 electrones.,Isótopos y Partículas
93,La diferencia entre el número de protones y electrones en cualquier átomo o ion determina su número másico (A).,Falso,Esta diferencia determina la carga iónica. El número másico (A) es la suma de protones y neutrones.,Isótopos y Partículas
94,El elemento Cloro (Cl) existe en la naturaleza como una mezcla de isótopos con propiedades químicas muy diferentes.,Falso,Los isótopos de un mismo elemento tienen propiedades químicas idénticas (dependen de los electrones de valencia).,Isótopos y Partículas
95,"Para el isótopo más común del Hidrógeno (Protio, ¹H), el número de neutrones es 1.",Falso,"El Protio tiene Z=1 y A=1, lo que implica 1 protón y 0 neutrones.",Isótopos y Partículas
96,Los isoelectrónicos son siempre iones o átomos de elementos diferentes.,Verdadero,Dos especies isoelectrónicas deben tener diferente número atómico (Z) para ser diferentes especies.,Isótopos y Partículas
97,"La configuración electrónica externa del Nitrógeno (N, Z=7) es 2s²2p³, y cumple la Regla de Hund.",Verdadero,El N tiene sus tres electrones p desapareados en los orbitales 2p para maximizar el espín.,Configuraciones Electrónicas
98,Un subnivel g (hipotético) correspondería al número cuántico secundario l=4 y podría albergar hasta 18 electrones.,Verdadero,"Para l=4, hay 2l+1 = 9 orbitales, y cada uno puede albergar 2 electrones, sumando 18.",Configuraciones Electrónicas
99,"La configuración electrónica de un anión como Cl⁻ (Z=17) es idéntica a la del gas noble Argón (Ar, Z=18).",Verdadero,"Ambos tienen 18 electrones: 17+1=18 para el Cl⁻, y 18 para el Ar.",Configuraciones Electrónicas
100,"El Principio de Mínima Energía (Aufbau) es la única regla que determina el orden de llenado de los orbitales, sin excepciones.",Falso,Hay excepciones (como el Cromo y el Cobre) donde la estabilidad de subniveles semillenos o llenos prevalece.,Configuraciones Electrónicas
101,"En un orbital pz, la probabilidad de encontrar el electrón es nula en el plano xy (plano nodal).",Verdadero,El plano nodal es una región donde la función de onda $\psi$ es cero.,Configuraciones Electrónicas
102,Todos los electrones de valencia de un elemento se encuentran siempre en la capa con el mayor valor de n.,Falso,"En los metales de transición, los electrones d y f de capas internas también se consideran electrones de valencia al formar iones.",Configuraciones Electrónicas
103,"En la configuración 1s²2s²2p⁶3s²3p⁵, el subnivel p está parcialmente lleno.",Verdadero,"El subnivel 3p tiene 5 electrones y su capacidad máxima es 6, por lo que está incompleto.",Configuraciones Electrónicas
104,"El Cromo (Cr, Z=24) en su estado fundamental tiene 6 electrones desapareados.",Verdadero,"La configuración es [Ar]4s¹3d⁵, lo que implica 1 electrón en 4s y 5 electrones en 3d, sumando 6 electrones desapareados.",Configuraciones Electrónicas
105,La capa principal con n=3 puede albergar un máximo de 18 electrones.,Verdadero,"La capacidad máxima de electrones en una capa es $2n^2$. Para n=3, $2(3)^2 = 18$ electrones.",Números Cuánticos
106,"Si un electrón tiene ml=-1, necesariamente debe estar en un orbital tipo p o superior ($l \ge 1$).",Verdadero,"Para tener un ml=-1, el número cuántico l debe ser al menos 1 (l=1 corresponde al orbital p).",Números Cuánticos
107,Dos electrones en el mismo orbital solo pueden diferir en el valor de su número cuántico de espín (ms).,Verdadero,"El Principio de Exclusión de Pauli obliga a que, si n, l, ml son iguales, ms debe ser diferente (±1/2).",Números Cuánticos
108,"El número cuántico de espín (ms) está cuantizado, es decir, solo puede tomar los valores de +1/2 y -1/2.",Verdadero,El espín solo describe las dos orientaciones posibles del momento angular intrínseco del electrón.,Números Cuánticos
109,El valor del número cuántico secundario (l) determina el número de electrones de valencia.,Falso,l determina la forma del orbital. El número de electrones de valencia se determina por la configuración electrónica en la capa más externa.,Números Cuánticos
110,"En el cuarto nivel de energía (n=4), el número de orbitales es 16.",Verdadero,"El número total de orbitales en una capa es $n^2$. Para n=4, $4^2 = 16$ orbitales.",Números Cuánticos
111,"Un electrón con el conjunto de números cuánticos (1, 0, 0, +1/2) es un electrón en el orbital de más alta energía del átomo.",Falso,"Es un electrón en el orbital 1s, que es el orbital de más baja energía (estado fundamental).",Números Cuánticos
112,El número de valores posibles para ml es igual al número de orbitales dentro de un subnivel dado.,Verdadero,Ambos valores son iguales a 2l+1.,Números Cuánticos
113,La Electropositividad de un elemento aumenta al descender en un grupo y al moverse de derecha a izquierda en un periodo.,Verdadero,"La Electropositividad es inversamente proporcional a la Electronegatividad, por lo que aumenta hacia la esquina inferior izquierda.",Propiedades Periódicas
114,Los elementos del Grupo 17 (Halógenos) tienen una Afinidad Electrónica muy alta (muy negativa) debido a que su configuración está a un solo electrón de ser completa.,Verdadero,Esto significa que liberan una gran cantidad de energía al ganar un electrón.,Propiedades Periódicas
115,La primera energía de ionización del Sodio (Na) es significativamente mayor que la segunda energía de ionización del Sodio.,Falso,"La segunda energía de ionización es mucho mayor, ya que implica arrancar un electrón de la capa interna completa ([Ne]).",Propiedades Periódicas
116,El Potasio (K) es un elemento más metálico que el Calcio (Ca).,Verdadero,El carácter metálico disminuye de izquierda a derecha en un periodo. El K (Alcalino) es más metálico que el Ca (Alcalinotérreo).,Propiedades Periódicas
117,La Electronegatividad se mide en unidades de energía como kJ/mol.,Falso,La Electronegatividad es una propiedad relativa y adimensional que se suele medir en la escala de Pauling.,Propiedades Periódicas
118,"Los elementos de transición interna (bloque f) tienen propiedades químicas muy diferentes entre sí, lo que justifica su colocación separada.",Falso,Los lantánidos y actínidos tienen propiedades químicas muy similares porque sus electrones f están apantallados.,Propiedades Periódicas
119,El Radio Iónico de un catión es siempre menor que el radio del átomo neutro del que proviene.,Verdadero,"La pérdida de electrones reduce las repulsiones y aumenta la Zₑբ sobre los electrones restantes, contrayendo el tamaño.",Propiedades Periódicas
120,Los elementos con mayor Radio Atómico se encuentran en la esquina superior derecha de la Tabla Periódica.,Falso,El radio atómico es mayor en la esquina inferior izquierda de la Tabla Periódica.,Propiedades Periódicas
121,La masa de un electrón es despreciable en comparación con la masa de un protón y un neutrón.,Verdadero,La masa del electrón es aproximadamente 1/1836 de la masa de un protón.,Isótopos y Partículas
122,"Un átomo neutro con 14 protones, 15 neutrones y 14 electrones tiene un número másico (A) de 29.",Verdadero,A = Protones + Neutrones = 14 + 15 = 29.,Isótopos y Partículas
123,El ion Fe³⁺ (Z=26) posee 23 electrones.,Verdadero,"El átomo neutro tiene 26 electrones, y al perder 3, queda con 26 - 3 = 23 electrones.",Isótopos y Partículas
124,Los isotopos de un elemento difieren en su número atómico (Z).,Falso,"Los isótopos tienen el mismo número atómico (Z), difieren en el número de neutrones.",Isótopos y Partículas
125,Un orbital d tiene siempre una geometría tetraédrica.,Falso,"Los orbitales d tienen formas más complejas, típicamente bilobuladas con diferentes orientaciones (excepto dz²).",Configuraciones Electrónicas
126,La configuración electrónica 1s²2s²2p⁶3s²3p⁶4s²3d¹⁰4p⁶ corresponde a un gas noble.,Verdadero,"Corresponde al Kriptón (Kr, Z=36).",Configuraciones Electrónicas
127,"El nivel de energía con n=5 posee subniveles s, p, d, f y g.",Verdadero,"Para n=5, l puede ser 0, 1, 2, 3 y 4 (que corresponde a los orbitales g).",Números Cuánticos
128,Un electrón que salta de n=3 a n=1 emite radiación de mayor energía que un salto de n=2 a n=1.,Verdadero,La diferencia de energía entre n=3 y n=1 es mayor que la diferencia entre n=2 y n=1.,Modelos Atómicos
129,El Radio Iónico de un anión es menor que el Radio Atómico de su elemento neutro.,Falso,El Radio Iónico del anión es mayor debido a la repulsión electrónica.,Propiedades Periódicas
130,La Electronegatividad es directamente proporcional al Radio Atómico.,Falso,"La Electronegatividad es inversamente proporcional al Radio Atómico; cuanto más pequeño es el átomo, más atrae los electrones.",Propiedades Periódicas
131,El modelo de Dalton no considera que el átomo es la parte más pequeña e indivisible de la materia.,Falso,El postulado central de Dalton es que los átomos son indivisibles e indestructibles.,Modelos Atómicos
132,La distribución de carga positiva y negativa en el modelo de Thomson es la de un núcleo denso central y electrones alrededor.,Falso,Esta descripción corresponde al modelo de Rutherford. El de Thomson es el pudin de pasas.,Modelos Atómicos
133,La longitud de onda asociada a un electrón en movimiento es inversamente proporcional a su momento lineal (masa x velocidad).,Verdadero,Esto se describe por la relación de De Broglie: $\lambda = h/p$.,Modelos Atómicos
134,La región de probabilidad del orbital 1s tiene forma de pesa (bilobulada).,Falso,El orbital 1s tiene forma esférica. Los orbitales p son bilobulados.,Configuraciones Electrónicas
135,Un orbital de tipo d puede albergar hasta 5 electrones.,Falso,Un subnivel d (5 orbitales) alberga 10 electrones en total. Un solo orbital alberga 2 electrones.,Configuraciones Electrónicas
136,"En un átomo polielectrónico, los subniveles con el mismo número cuántico principal (n) tienen siempre la misma energía (son degenerados).",Falso,"En un átomo polielectrónico, la energía depende de n y l. Ej: 2s y 2p no son degenerados.",Configuraciones Electrónicas
137,El elemento con Z=17 tiene su electrón de valencia con un número cuántico principal n=4.,Falso,"Z=17 (Cloro) tiene configuración [Ne]3s²3p⁵, por lo que su capa de valencia es n=3.",Configuraciones Electrónicas
138,El número cuántico magnético (ml) solo puede ser cero si el número cuántico secundario (l) es cero.,Verdadero,"Si l=0 (orbital s), ml debe ser 0. Si l>0, ml también puede ser 0.",Números Cuánticos
139,El número máximo de electrones en el subnivel l=3 (orbital f) es 14.,Verdadero,El subnivel f tiene 7 orbitales ($2l+1 = 7$) con capacidad para 14 electrones ($7 \times 2 = 14$).,Números Cuánticos
140,La Electronegatividad del Flúor (F) es menor que la del Cloro (Cl).,Falso,La electronegatividad aumenta hacia arriba en un grupo. El F (arriba) es más electronegativo que el Cl (abajo).,Propiedades Periódicas
141,El principio de mínima energía (Aufbau) es una consecuencia del Principio de Exclusión de Pauli.,Falso,Son reglas separadas. Aufbau define el orden de llenado por energía. Pauli define la capacidad de cada orbital.,Configuraciones Electrónicas
142,Un electrón se encuentra en un estado excitado si se halla en un orbital diferente al que le corresponde por Aufbau.,Verdadero,Un estado excitado es aquel con una energía superior al estado fundamental (configuración de mínima energía).,Configuraciones Electrónicas
143,"La configuración electrónica del elemento Cromo (Cr, Z=24) rompe la regla de Hund para alcanzar un subnivel d semilleno.",Falso,"Rompe la regla de Aufbau, no la de Hund, para alcanzar la estabilidad del subnivel $3d^5$ semilleno. La regla de Hund sí se cumple en 3d⁵.",Configuraciones Electrónicas
144,Un orbital 3d puede albergar electrones con los números cuánticos n=3 y l=3.,Falso,"Para n=3, el valor máximo de l es 2 (orbital d). l=3 no es permitido en el nivel n=3.",Números Cuánticos
145,Los lantánidos son elementos caracterizados por el llenado de los orbitales 4f.,Verdadero,"Los lantánidos llenan los orbitales 4f, y los actínidos llenan los orbitales 5f.",Propiedades Periódicas
146,La tendencia a formar aniones es una característica de los elementos con baja afinidad electrónica.,Falso,La tendencia a formar aniones es característica de elementos con alta afinidad electrónica (liberan mucha energía al ganar un electrón).,Propiedades Periódicas
147,La segunda energía de ionización de un elemento es siempre mayor que su primera energía de ionización.,Verdadero,Siempre es más difícil arrancar un segundo electrón porque la $Z_{ef}$ sobre los electrones restantes ha aumentado.,Propiedades Periódicas
148,El radio de un átomo neutro de un metal de transición es generalmente mayor que el de un metal alcalino del mismo periodo.,Falso,El radio atómico se contrae ligeramente a través de los metales de transición debido al aumento de $Z_{ef}$ con el llenado de orbitales d.,Propiedades Periódicas
149,Un isótopo de Sodio (Na) con 12 neutrones tiene un número másico (A) de 23.,Ververdero,Z del Na es 11. A = 11 (protones) + 12 (neutrones) = 23.,Isótopos y Partículas
150,El núcleo de un átomo solo se compone de protones.,Falso,El núcleo se compone de protones y neutrones.,Isótopos y Partículas
151,El número de orbitales p en cada nivel energético es siempre 3.,Verdadero,"Para cualquier n, el subnivel p (l=1) tiene 3 orbitales (px, py, pz).",Configuraciones Electrónicas
152,El modelo de Bohr utiliza las soluciones de la ecuación de Schrödinger para describir los niveles de energía.,Falso,Bohr propuso sus niveles energéticos sin usar la ecuación de Schrödinger. La ecuación surgió más tarde.,Modelos Atómicos
153,"La Electronegatividad aumenta a lo largo del periodo, debido a que el radio atómico disminuye.",Verdadero,La contracción del radio facilita la atracción del núcleo sobre los electrones.,Propiedades Periódicas
154,El ion Li⁺ (Z=3) y el átomo de He (Z=2) son isoelectrónicos.,Verdadero,"Li⁺ tiene 3 - 1 = 2 electrones, igual que el He.",Isótopos y Partículas
155,"En el tercer nivel de energía (n=3), el valor del número cuántico secundario (l) que representa un orbital d es l=1.",Falso,l=1 representa un orbital p. l=2 representa un orbital d.,Números Cuánticos
156,La primera capa electrónica (n=1) tiene una capacidad máxima de 8 electrones.,Falso,"La capacidad máxima es $2n^2$. Para $n=1$, es $2(1)^2 = 2$ electrones.",Configuraciones Electrónicas
157,La mayor carga nuclear efectiva (Zₑբ) se encuentra en los gases nobles de cada periodo.,Verdadero,"La Zₑբ aumenta de izquierda a derecha en un periodo, alcanzando el máximo en el gas noble.",Propiedades Periódicas
158,El concepto de que 'los átomos de un mismo elemento son idénticos en masa y propiedades' sigue siendo totalmente válido en la química moderna.,Falso,Este postulado de Dalton no es totalmente válido debido a la existencia de los isótopos (diferente masa).,Modelos Atómicos
159,"Un orbital pz es idéntico al orbital py, solo que está orientado en una dirección diferente.",Verdadero,"Son orbitales degenerados de la misma forma y energía, pero orientados en distintos ejes.",Configuraciones Electrónicas
160,El elemento con la configuración electrónica [Ar]4s²3d¹ es un metal alcalinotérreo.,Falso,"El elemento ([Ar]4s²3d¹ = Escandio, Sc) es un metal de transición, no un alcalinotérreo (Grupo 2).",Propiedades Periódicas
161,El modelo de Rutherford fue el primero en postular que la materia era eléctricamente neutra.,Falso,El modelo de Thomson (pudin de pasas) ya contemplaba la neutralidad.,Modelos Atómicos
162,El principal logro del modelo de Bohr fue explicar la estabilidad de cualquier átomo polielectrónico.,Falso,El modelo de Bohr solo fue exitoso para el átomo de hidrógeno y los iones hidrogenoides.,Modelos Atómicos
163,La teoría de Planck y la posterior explicación del efecto fotoeléctrico por Einstein establecieron que la energía está cuantizada.,Verdadero,Este principio de cuantificación es un pilar de la física cuántica.,Modelos Atómicos
164,El número de electrones es el único responsable de la masa de un átomo.,Falso,La masa es aportada fundamentalmente por los protones y neutrones (nucleones).,Isótopos y Partículas
165,La densidad de probabilidad de encontrar un electrón dentro de un orbital es constante en toda la región.,Falso,La densidad varía; la probabilidad es máxima cerca del núcleo (excepto en el punto nodal).,Configuraciones Electrónicas
166,"En el modelo de Bohr, la energía del electrón se mantiene constante mientras este permanezca en su órbita permitida.",Verdadero,Esto resolvió el problema de la inestabilidad de Rutherford.,Modelos Atómicos
167,El modelo de Dalton explicaba correctamente las leyes de la conservación de la masa y de las proporciones múltiples.,Verdadero,Sus postulados sobre la inmutabilidad de los átomos y las combinaciones en proporciones fijas son la base de estas leyes.,Modelos Atómicos
168,Un orbital atómico es lo mismo que la órbita de un electrón en el modelo planetario.,Falso,El orbital es una región de probabilidad (cuántico); la órbita es una trayectoria definida (clásico).,Modelos Atómicos
169,La carga de un átomo neutro es cero porque no posee protones ni electrones.,Falso,La carga es cero porque el número de protones (positivos) es igual al número de electrones (negativos).,Isótopos y Partículas
170,El número de neutrones en un átomo siempre es igual o mayor que el número de protones.,Verdadero,"Para los elementos estables (excepto el ¹H), el número de neutrones suele ser igual o mayor que el de protones.",Isótopos y Partículas
171,Un ion X³⁺ con 10 electrones tiene un número atómico Z=7.,Falso,"Si tiene 10 electrones y perdió 3 (3⁺), originalmente tenía 13 electrones. Por lo tanto, Z=13.",Isótopos y Partículas
172,La fuerza nuclear fuerte es la responsable de la repulsión electrostática entre los protones en el núcleo.,Falso,La repulsión es causada por la fuerza electrostática; la fuerza nuclear fuerte es la que une el núcleo.,Isótopos y Partículas
173,El núcleo atómico contiene tanto la carga positiva como la negativa de un átomo.,Falso,El núcleo contiene la carga positiva (protones) y las partículas neutras (neutrones). Los electrones (carga negativa) están en la corteza.,Isótopos y Partículas
174,"La masa atómica de un elemento siempre es un número más cercano a un isótopo que a cualquier otro, debido a su mayor abundancia.",Verdadero,"La masa atómica es un promedio ponderado, por lo que su valor se ""arrastra"" hacia el isótopo más abundante.",Isótopos y Partículas
175,"Si dos átomos tienen el mismo número másico (A), necesariamente son átomos del mismo elemento.",Falso,Dos átomos con el mismo A pero diferente Z son isóbaros (ej: ⁴⁰K y ⁴⁰Ca).,Isótopos y Partículas
176,El número de electrones de valencia en un átomo neutro es siempre igual al número del periodo en el que se encuentra.,Falso,El número de electrones de valencia es igual al número del grupo (para elementos representativos).,Isótopos y Partículas
177,"Un átomo de Oxígeno (O, Z=8) tiene una configuración electrónica con 2 electrones desapareados.",Verdadero,"Configuración 1s²2s²2p⁴. En 2p, hay 4 e⁻ distribuidos como ↑↓ ↑ ↑, dejando 2 electrones desapareados.",Configuraciones Electrónicas
178,Los electrones en el subnivel 3p tienen mayor energía que los electrones en el subnivel 4s.,Falso,"El 4s tiene menor energía ($n+l=4$) que el 3p ($n+l=4$), pero el 3p se llena antes. En el átomo real, el 4s tiene menor energía.",Configuraciones Electrónicas
179,"La existencia de orbitales d y f justifica el ancho de 10 y 14 elementos, respectivamente, en la Tabla Periódica.",Verdadero,Los 5 orbitales d albergan 10 e⁻; los 7 orbitales f albergan 14 e⁻.,Configuraciones Electrónicas
180,La regla de Hund es irrelevante para el llenado de los orbitales s.,Verdadero,"La regla de Hund solo se aplica a orbitales degenerados (p, d, f). Los orbitales s son únicos.",Configuraciones Electrónicas
181,Un átomo que tiene todos sus orbitales de valencia llenos se considera paramagnético.,Falso,"Si todos los orbitales están llenos, todos los electrones están apareados, por lo que es diamagnético.",Configuraciones Electrónicas
182,La notación 3d¹⁰ implica la existencia de 10 orbitales de tipo d en la tercera capa.,Falso,"Solo existen 5 orbitales de tipo d en la tercera capa, cada uno albergando 2 electrones.",Configuraciones Electrónicas
183,Un ion de Sodio (Na⁺) tiene una configuración electrónica estable de 8 electrones de valencia.,Verdadero,"Su configuración es 1s²2s²2p⁶, que tiene 8 electrones de valencia (como el Ne) y es estable.",Configuraciones Electrónicas
184,Un electrón con n=3 y l=2 debe tener una mayor energía que un electrón con n=4 y l=0.,Falso,"Ambos tienen $n+l=5$ y $n+l=4$, respectivamente. La regla $n+l$ indica que el 4s (4) tiene menor energía que el 3d (5).",Configuraciones Electrónicas
185,El número cuántico principal (n) está directamente relacionado con la frecuencia de la luz emitida en el espectro de H.,Verdadero,"Las transiciones dependen de la diferencia de energía entre niveles, definidos por n.",Números Cuánticos
186,"Para el orbital f (l=3), los valores posibles de ml van desde 0 hasta +3.",Falso,"Los valores van desde -3 hasta +3, incluyendo el 0, para un total de 7 valores.",Números Cuánticos
187,El valor del número cuántico ml puede ser mayor que el valor de l.,Falso,El rango de ml está limitado por l: $|ml| \le l$.,Números Cuánticos
188,"Un conjunto de números cuánticos (4, 0, 1, -1/2) es un conjunto válido.",Falso,"Si l=0 (orbital s), el único valor posible para ml es 0. ml=1 no es permitido.",Números Cuánticos
189,Los números cuánticos n y l determinan la energía de un orbital en cualquier átomo.,Verdadero,"En átomos polielectrónicos, la energía depende tanto del nivel (n) como del subnivel (l).",Números Cuánticos
190,La restricción $l \le n-1$ implica que no existen orbitales p en el nivel n=1.,Verdadero,"Para n=1, el valor máximo de l es 0, por lo que solo existe el orbital 1s.",Números Cuánticos
191,"Si dos electrones están en el mismo orbital (n, l, ml idénticos), sus números cuánticos de espín (ms) deben ser idénticos.",Falso,Sus números de espín (ms) deben ser diferentes (±1/2) debido al Principio de Pauli.,Números Cuánticos
192,El número cuántico principal (n) es el factor dominante en la determinación de la energía del electrón.,Verdadero,"n define el nivel principal, y es el factor más significativo en la energía.",Números Cuánticos
193,El Radio Atómico del Flúor (F) es mayor que el del Boro (B).,Falso,El radio atómico disminuye de izquierda a derecha en un periodo. El B (izquierda) es mayor.,Propiedades Periódicas
194,La Afinidad Electrónica es la propiedad que se mide con la formación de cationes.,Falso,La AE se mide con la formación de aniones (ganancia de electrones).,Propiedades Periódicas
195,Los elementos del Grupo 18 (Gases Nobles) tienen la configuración electrónica más estable.,Verdadero,"Su capa de valencia está completa (s²p⁶), lo que explica su inercia química.",Propiedades Periódicas
196,Un no metal se caracteriza por una baja energía de ionización y baja electronegatividad.,Falso,Los no metales se caracterizan por una alta energía de ionización y alta electronegatividad.,Propiedades Periódicas
197,"El Radio Iónico de un anión es siempre mayor que el radio del átomo neutro, mientras que el de un catión es siempre menor.",Verdadero,Esto se debe a los cambios en la repulsión electrónica y en la carga nuclear efectiva (Zₑբ).,Propiedades Periódicas
198,La electronegatividad de un átomo aumenta al descender en un grupo de la tabla.,Falso,"La electronegatividad disminuye al descender, ya que el electrón de valencia está más lejos del núcleo.",Propiedades Periódicas
199,Los elementos del tercer periodo de la tabla periódica tienen todos sus electrones de valencia en la capa n=3.,Verdadero,"El periodo indica el nivel de energía de valencia, que en este caso es n=3.",Propiedades Periódicas
200,Los elementos del bloque s (Grupos 1 y 2) tienen un carácter metálico muy fuerte.,Verdadero,Son los metales más electropositivos y reactivos de la tabla.,Propiedades Periódicas